INSERT INTO user_entity (id, username, email, password) VALUES  (1, 'user', 'user@user.com', '$2a$12$FHZjz.xDoQUw85DsiT7nIOQKBQH2hdds71asGgD9IM.bKTzgWg63S');

INSERT INTO project (id, name) VALUES (1, 'wired');
INSERT INTO project (id, name) VALUES (2, 'commons');
INSERT INTO project (id, name) VALUES (3, 'rces');
INSERT INTO project (id, name) VALUES (4, 'refclient');
INSERT INTO project (id, name) VALUES (5, 'rleads');
INSERT INTO project (id, name) VALUES (6, 'rconnect');
INSERT INTO project (id, name) VALUES (7, 'configurater');
INSERT INTO project (id, name) VALUES (8, 'uci');
INSERT INTO project (id, name) VALUES (9, 'myr');
INSERT INTO project (id, name) VALUES (10, 'rdoc');
INSERT INTO project (id, name) VALUES (11, 'artimis');
INSERT INTO project (id, name) VALUES (12, 'one');

INSERT INTO repository (id, icon, name, percentage, project_id) VALUES (1, 'Repo1.png', 'gitlab-dashboard', '95', 1);
INSERT INTO repository (id, icon, name, percentage, project_id) VALUES (2, 'Repo1.png', 'backoffice-styleguide', '15', 1);
INSERT INTO repository (id, icon, name, percentage, project_id) VALUES (3, 'Repo1.png', 'karate-gatling', '55', 1);
INSERT INTO repository (id, icon, name, percentage, project_id) VALUES (4, 'Repo1.png', 'swagger-ui', '19', 1);
INSERT INTO repository (id, icon, name, percentage, project_id) VALUES (5, 'Repo1.png', 'test-auto-ui-cypress', '19', 1);
INSERT INTO repository (id, icon, name, percentage, project_id) VALUES (6, 'Repo1.png', 'wired-lambda-awsbatchincoming', '17', 1);
INSERT INTO repository (id, icon, name, percentage, project_id) VALUES (7, 'Repo1.png', 'wired-backoffice-i18', '78', 1);
INSERT INTO repository (id, icon, name, percentage, project_id) VALUES (8, 'Repo1.png', 'wired-backoffice-energy-getway', '65', 1);
INSERT INTO repository (id, icon, name, percentage, project_id) VALUES (9, 'Repo1.png', 'wired-backoffice-cei', '25', 1);
INSERT INTO repository (id, icon, name, percentage, project_id) VALUES (10, 'Repo1.png', 'wired-npm-rest-client', '15', 1);
INSERT INTO repository (id, icon, name, percentage, project_id) VALUES (11, 'Repo1.png', 'wired-npm-rest-client', '15', 1);
INSERT INTO repository (id, icon, name, percentage, project_id) VALUES (12, 'CloudRepo.png', 'new-repo-alpha', '45', 1);
INSERT INTO repository (id, icon, name, percentage, project_id) VALUES (13, 'CloudRepo.png', 'new-repo-beta', '62', 1);
INSERT INTO repository (id, icon, name, percentage, project_id) VALUES (14, 'CloudRepo.png', 'new-repo-gamma', '33', 1);
INSERT INTO repository (id, icon, name, percentage, project_id) VALUES (15, 'lib1.png', 'new-repo-delta', '84', 1);
INSERT INTO repository (id, icon, name, percentage, project_id) VALUES (16, 'lib1.png', 'new-repo-epsilon', '71', 1);
INSERT INTO repository (id, icon, name, percentage, project_id) VALUES (17, 'lib1.png', 'new-repo-zeta', '57', 1);
INSERT INTO repository (id, icon, name, percentage, project_id) VALUES (18, 'service1.png', 'new-repo-eta', '29', 1);
INSERT INTO repository (id, icon, name, percentage, project_id) VALUES (19, 'service1.png', 'new-repo-theta', '49', 1);
INSERT INTO repository (id, icon, name, percentage, project_id) VALUES (20, 'service1.png', 'new-repo-iota', '88', 1);
INSERT INTO repository (id, icon, name, percentage, project_id) VALUES (21, 'service1.png', 'new-repo-kappa', '23', 1);
INSERT INTO repository (id, icon, name, percentage, project_id) VALUES (22, 'service1.png', 'new-repo-lambda', '54', 1);
INSERT INTO repository (id, icon, name, percentage, project_id) VALUES (23, 'service1.png', 'new-repo-mu', '38', 1);
INSERT INTO repository (id, icon, name, percentage, project_id) VALUES (24, 'service1.png', 'new-repo-nu', '64', 1);
INSERT INTO repository (id, icon, name, percentage, project_id) VALUES (25, 'tool1.png', 'new-repo-xi', '12', 1);
INSERT INTO repository (id, icon, name, percentage, project_id) VALUES (26, 'tool1.png', 'new-repo-omicron', '76', 1);
INSERT INTO repository (id, icon, name, percentage, project_id) VALUES (27, 'tool1.png', 'new-repo-pi', '32', 1);
INSERT INTO repository (id, icon, name, percentage, project_id) VALUES (28, 'tool1.png', 'new-repo-rho', '44', 1);
INSERT INTO repository (id, icon, name, percentage, project_id) VALUES (29, 'tool1.png', 'new-repo-sigma', '90', 1);
INSERT INTO repository (id, icon, name, percentage, project_id) VALUES (30, 'tool1.png', 'new-repo-tau', '50', 1);
INSERT INTO repository (id, icon, name, percentage, project_id) VALUES (31, 'tool1.png', 'new-repo-upsilon', '27', 1);
INSERT INTO repository (id, icon, name, percentage, project_id) VALUES (32, 'tool1.png', 'new-repo-phi', '83', 1);
INSERT INTO repository (id, icon, name, percentage, project_id) VALUES (33, 'tool1.png', 'new-repo-chi', '39', 1);
INSERT INTO repository (id, icon, name, percentage, project_id) VALUES (34, 'tool1.png', 'new-repo-psi', '72', 1);
INSERT INTO repository (id, icon, name, percentage, project_id) VALUES (35, 'Repo1.png', 'new-repo-omega', '11', 2);
INSERT INTO repository (id, icon, name, percentage, project_id) VALUES (36, 'Repo1.png', 'new-repo-alpha1', '65', 2);
INSERT INTO repository (id, icon, name, percentage, project_id) VALUES (37, 'Repo1.png', 'new-repo-beta1', '48', 2);
INSERT INTO repository (id, icon, name, percentage, project_id) VALUES (38, 'Repo1.png', 'new-repo-gamma1', '18', 2);
INSERT INTO repository (id, icon, name, percentage, project_id) VALUES (39, 'Repo1.png', 'new-repo-epsilon1', '30', 2);
INSERT INTO repository (id, icon, name, percentage, project_id) VALUES (41, 'lib1.png', 'new-repo-zeta1', '85', 2);
INSERT INTO repository (id, icon, name, percentage, project_id) VALUES (42, 'lib1.png', 'new-repo-eta1', '21', 2);
INSERT INTO repository (id, icon, name, percentage, project_id) VALUES (43, 'lib1.png', 'new-repo-theta1', '77', 2);
INSERT INTO repository (id, icon, name, percentage, project_id) VALUES (44, 'lib1.png', 'new-repo-iota1', '42', 2);
INSERT INTO repository (id, icon, name, percentage, project_id) VALUES (45, 'tool1.png', 'new-repo-kappa1', '91', 2);
INSERT INTO repository (id, icon, name, percentage, project_id) VALUES (46, 'tool1.png', 'new-repo-lambda1', '58', 2);
INSERT INTO repository (id, icon, name, percentage, project_id) VALUES (47, 'Repo1.png', 'new-repo-mu1', '34', 3);
INSERT INTO repository (id, icon, name, percentage, project_id) VALUES (48, 'Repo1.png', 'new-repo-nu1', '61', 3);
INSERT INTO repository (id, icon, name, percentage, project_id) VALUES (49, 'Repo1.png', 'new-repo-xi1', '26', 3);
INSERT INTO repository (id, icon, name, percentage, project_id) VALUES (50, 'Repo1.png', 'new-repo-omicron1', '86', 3);
INSERT INTO repository (id, icon, name, percentage, project_id) VALUES (51, 'Repo11.png', 'new-repo-pi1', '43', 3);
INSERT INTO repository (id, icon, name, percentage, project_id) VALUES (52, 'Repo11.png', 'new-repo-rho1', '93', 3);
INSERT INTO repository (id, icon, name, percentage, project_id) VALUES (53, 'lib1.png', 'new-repo-sigma1', '46', 3);
INSERT INTO repository (id, icon, name, percentage, project_id) VALUES (54, 'lib1.png', 'new-repo-tau1', '99', 3);
INSERT INTO repository (id, icon, name, percentage, project_id) VALUES (55, 'service1.png', 'new-repo-upsilon1', '53', 3);
INSERT INTO repository (id, icon, name, percentage, project_id) VALUES (56, 'service1.png', 'new-repo-phi1', '94', 3);
INSERT INTO repository (id, icon, name, percentage, project_id) VALUES (57, 'service1.png', 'new-repo-chi1', '70', 3);
INSERT INTO repository (id, icon, name, percentage, project_id) VALUES (58, 'tool1.png', 'new-repo-psi1', '19', 3);
INSERT INTO repository (id, icon, name, percentage, project_id) VALUES (59, 'tool1.png', 'new-repo-omega1', '79', 3);
INSERT INTO repository (id, icon, name, percentage, project_id) VALUES (60, 'Repo1.png', 'new-repo-alpha2', '36', 4);
INSERT INTO repository (id, icon, name, percentage, project_id) VALUES (61, 'Repo1.png', 'new-repo-beta2', '81', 4);
INSERT INTO repository (id, icon, name, percentage, project_id) VALUES (62, 'Repo1.png', 'new-repo-gamma2', '66', 4);
INSERT INTO repository (id, icon, name, percentage, project_id) VALUES (63, 'Repo1.png', 'new-repo-delta2', '47', 4);
INSERT INTO repository (id, icon, name, percentage, project_id) VALUES (64, 'service1.png', 'new-repo-epsilon2', '75', 4);
INSERT INTO repository (id, icon, name, percentage, project_id) VALUES (65, 'service1.png', 'new-repo-zeta2', '31', 4);
INSERT INTO repository (id, icon, name, percentage, project_id) VALUES (66, 'service1.png', 'new-repo-eta2', '60', 4);
INSERT INTO repository (id, icon, name, percentage, project_id) VALUES (67, 'tool1.png', 'new-repo-theta2', '28', 4);
INSERT INTO repository (id, icon, name, percentage, project_id) VALUES (68, 'tool1.png', 'new-repo-iota2', '89', 4);
INSERT INTO repository (id, icon, name, percentage, project_id) VALUES (69, 'tool1.png', 'new-repo-lambda2', '95', 4);
INSERT INTO repository (id, icon, name, percentage, project_id) VALUES (71, 'tool1.png', 'new-repo-mu2', '20', 4);
INSERT INTO repository (id, icon, name, percentage, project_id) VALUES (72, 'tool1.png', 'new-repo-nu2', '68', 4);
INSERT INTO repository (id, icon, name, percentage, project_id) VALUES (73, 'tool1.png', 'new-repo-xi2', '24', 4);
INSERT INTO repository (id, icon, name, percentage, project_id) VALUES (74, 'Repo1.png', 'new-repo-omicron2', '80', 5);
INSERT INTO repository (id, icon, name, percentage, project_id) VALUES (75, 'Repo1.png', 'new-repo-pi2', '57', 5);
INSERT INTO repository (id, icon, name, percentage, project_id) VALUES (76, 'Repo1.png', 'new-repo-rho2', '14', 5);
INSERT INTO repository (id, icon, name, percentage, project_id) VALUES (77, 'Repo1.png', 'new-repo-sigma2', '74', 5);
INSERT INTO repository (id, icon, name, percentage, project_id) VALUES (78, 'CloudRepo.png', 'new-repo-tau2', '41', 5);
INSERT INTO repository (id, icon, name, percentage, project_id) VALUES (79, 'CloudRepo.png', 'new-repo-upsilon2', '87', 5);
INSERT INTO repository (id, icon, name, percentage, project_id) VALUES (80, 'lib1.png', 'new-repo-phi2', '40', 5);
INSERT INTO repository (id, icon, name, percentage, project_id) VALUES (81, 'lib1.png', 'new-repo-chi2', '82', 5);
INSERT INTO repository (id, icon, name, percentage, project_id) VALUES (82, 'service 1.png', 'new-repo-psi2', '29', 5);
INSERT INTO repository (id, icon, name, percentage, project_id) VALUES (83, 'Repo1.png', 'new-repo-omega2', '96', 6);
INSERT INTO repository (id, icon, name, percentage, project_id) VALUES (84, 'Repo1.png', 'new-repo-alpha3', '10', 6);
INSERT INTO repository (id, icon, name, percentage, project_id) VALUES (85, 'CloudRepo.png', 'new-repo-beta3', '49', 6);
INSERT INTO repository (id, icon, name, percentage, project_id) VALUES (86, 'CloudRepo.png', 'new-repo-gamma3', '63', 6);
INSERT INTO repository (id, icon, name, percentage, project_id) VALUES (87, 'service1.png', 'new-repo-delta3', '22', 6);
INSERT INTO repository (id, icon, name, percentage, project_id) VALUES (88, 'service1.png', 'new-repo-epsilon3', '67', 6);
INSERT INTO repository (id, icon, name, percentage, project_id) VALUES (89, 'service1.png', 'new-repo-zeta3', '52', 6);
INSERT INTO repository (id, icon, name, percentage, project_id) VALUES (90, 'service1.png', 'new-repo-eta3', '98', 6);
INSERT INTO repository (id, icon, name, percentage, project_id) VALUES (91, 'tool1.png', 'new-repo-theta3', '13', 6);
INSERT INTO repository (id, icon, name, percentage, project_id) VALUES (92, 'CloudRepo.png', 'new-repo-iota3', '50', 7);
INSERT INTO repository (id, icon, name, percentage, project_id) VALUES (93, 'CloudRepo.png', 'new-repo-kappa3', '69', 7);
INSERT INTO repository (id, icon, name, percentage, project_id) VALUES (94, 'CloudRepo.png', 'new-repo-lambda3', '84', 7);
INSERT INTO repository (id, icon, name, percentage, project_id) VALUES (95, 'lib1.png', 'new-repo-mu3', '30', 7);
INSERT INTO repository (id, icon, name, percentage, project_id) VALUES (96, 'lib1.png', 'new-repo-nu3', '53', 7);
INSERT INTO repository (id, icon, name, percentage, project_id) VALUES (97, 'service1.png', 'new-repo-xi3', '27', 7);
INSERT INTO repository (id, icon, name, percentage, project_id) VALUES (98, 'tool1.png', 'new-repo-omicron3', '61', 7);
INSERT INTO repository (id, icon, name, percentage, project_id) VALUES (99, 'tool1.png', 'new-repo-pi3', '19', 7);
INSERT INTO repository (id, icon, name, percentage, project_id) VALUES (100, 'CloudRepo.png', 'new-repo-rho3', '77', 8);


INSERT INTO dependency (id, icon, name, use_count) VALUES (1, NULL, 'custom-webpack', 1);
INSERT INTO dependency (id, icon, name, use_count) VALUES (2, NULL, '@angular-builders/jest', 4);
INSERT INTO dependency (id, icon, name, use_count) VALUES (3, NULL, '@angular-devkit/build-angular', 21);
INSERT INTO dependency (id, icon, name, use_count) VALUES (4, NULL, '@angular-devkit/ng-packagr', 1);
INSERT INTO dependency (id, icon, name, use_count) VALUES (5, NULL, '@angular-devkit/schematics', 1);
INSERT INTO dependency (id, icon, name, use_count) VALUES (6, NULL, '@angular-eslint/builder', 20);
INSERT INTO dependency (id, icon, name, use_count) VALUES (7, NULL, '@angular-eslint/eslint-plugin', 17);
INSERT INTO dependency (id, icon, name, use_count) VALUES (8, NULL, '@angular-eslint/eslint-plugin-template', 17);
INSERT INTO dependency (id, icon, name, use_count) VALUES (9, NULL, '@angular-eslint/schematics', 19);
INSERT INTO dependency (id, icon, name, use_count) VALUES (10, NULL, '@angular-eslint/template-parser', 19);
INSERT INTO dependency (id, icon, name, use_count) VALUES (11, NULL, '@angular/animations', 25);

INSERT INTO repo_dependency (id_dependency, id_repository) VALUES  (1, 1);
INSERT INTO repo_dependency (id_dependency, id_repository) VALUES  (1, 4);
INSERT INTO repo_dependency (id_dependency, id_repository) VALUES  (1, 5);
INSERT INTO repo_dependency (id_dependency, id_repository) VALUES  (2, 1);
INSERT INTO repo_dependency (id_dependency, id_repository) VALUES  (2, 3);
INSERT INTO repo_dependency (id_dependency, id_repository) VALUES  (2, 7);
INSERT INTO repo_dependency (id_dependency, id_repository) VALUES  (3, 1);
INSERT INTO repo_dependency (id_dependency, id_repository) VALUES  (3, 6);
INSERT INTO repo_dependency (id_dependency, id_repository) VALUES  (3, 8);
INSERT INTO repo_dependency (id_dependency, id_repository) VALUES  (3, 12);
INSERT INTO repo_dependency (id_dependency, id_repository) VALUES  (4, 2);
INSERT INTO repo_dependency (id_dependency, id_repository) VALUES  (4, 5);
INSERT INTO repo_dependency (id_dependency, id_repository) VALUES  (4, 9);