INSERT INTO user_entity (id, username, email, password) VALUES  (1, 'user', 'user@user.com', '$2a$12$FHZjz.xDoQUw85DsiT7nIOQKBQH2hdds71asGgD9IM.bKTzgWg63S');

INSERT INTO project (id, name) VALUES (1, 'wired');
INSERT INTO project (id, name) VALUES (2, 'commons');
INSERT INTO project (id, name) VALUES (3, 'rces');
INSERT INTO project (id, name) VALUES (4, 'refclient');
INSERT INTO project (id, name) VALUES (5, 'rleads');
INSERT INTO project (id, name) VALUES (6, 'rconnect');
INSERT INTO project (id, name) VALUES (7, 'configurater');
INSERT INTO project (id, name) VALUES (8, 'uci');
INSERT INTO project (id, name) VALUES (9, 'myr');
INSERT INTO project (id, name) VALUES (10, 'rdoc');
INSERT INTO project (id, name) VALUES (11, 'artimis');
INSERT INTO project (id, name) VALUES (12, 'one');

INSERT INTO repository (id, icon, name, percentage, project_id) VALUES (1, 'Repo1.png', 'gitlab-dashboard', '95', 1);
INSERT INTO repository (id, icon, name, percentage, project_id) VALUES (2, 'Repo1.png', 'backoffice-styleguide', '15', 1);
INSERT INTO repository (id, icon, name, percentage, project_id) VALUES (3, 'Repo1.png', 'karate-gatling', '55', 1);
INSERT INTO repository (id, icon, name, percentage, project_id) VALUES (4, 'Repo1.png', 'swagger-ui', '19', 1);
INSERT INTO repository (id, icon, name, percentage, project_id) VALUES (5, 'Repo1.png', 'test-auto-ui-cypress', '19', 1);
INSERT INTO repository (id, icon, name, percentage, project_id) VALUES (6, 'Repo1.png', 'wired-lambda-awsbatchincoming', '17', 1);
INSERT INTO repository (id, icon, name, percentage, project_id) VALUES (7, 'Repo1.png', 'wired-backoffice-i18', '78', 1);
INSERT INTO repository (id, icon, name, percentage, project_id) VALUES (8, 'Repo1.png', 'wired-backoffice-energy-getway', '65', 1);
INSERT INTO repository (id, icon, name, percentage, project_id) VALUES (9, 'Repo1.png', 'wired-backoffice-cei', '25', 1);
INSERT INTO repository (id, icon, name, percentage, project_id) VALUES (10, 'Repo1.png', 'wired-npm-rest-client', '15', 1);
INSERT INTO repository (id, icon, name, percentage, project_id) VALUES (11, 'Repo1.png', 'wired-npm-rest-client', '15', 1);
INSERT INTO repository (id, icon, name, percentage, project_id) VALUES (12, 'CloudRepo.png', 'new-repo-alpha', '45', 1);
INSERT INTO repository (id, icon, name, percentage, project_id) VALUES (13, 'CloudRepo.png', 'new-repo-beta', '62', 1);
INSERT INTO repository (id, icon, name, percentage, project_id) VALUES (14, 'CloudRepo.png', 'new-repo-gamma', '33', 1);
INSERT INTO repository (id, icon, name, percentage, project_id) VALUES (15, 'lib1.png', 'new-repo-delta', '84', 1);
INSERT INTO repository (id, icon, name, percentage, project_id) VALUES (16, 'lib1.png', 'new-repo-epsilon', '71', 1);
INSERT INTO repository (id, icon, name, percentage, project_id) VALUES (17, 'lib1.png', 'new-repo-zeta', '57', 1);
INSERT INTO repository (id, icon, name, percentage, project_id) VALUES (18, 'service1.png', 'new-repo-eta', '29', 1);
INSERT INTO repository (id, icon, name, percentage, project_id) VALUES (19, 'service1.png', 'new-repo-theta', '49', 1);
INSERT INTO repository (id, icon, name, percentage, project_id) VALUES (20, 'service1.png', 'new-repo-iota', '88', 1);
INSERT INTO repository (id, icon, name, percentage, project_id) VALUES (21, 'service1.png', 'new-repo-kappa', '23', 1);
INSERT INTO repository (id, icon, name, percentage, project_id) VALUES (22, 'service1.png', 'new-repo-lambda', '54', 1);
INSERT INTO repository (id, icon, name, percentage, project_id) VALUES (23, 'service1.png', 'new-repo-mu', '38', 1);
INSERT INTO repository (id, icon, name, percentage, project_id) VALUES (24, 'service1.png', 'new-repo-nu', '64', 1);
INSERT INTO repository (id, icon, name, percentage, project_id) VALUES (25, 'tool1.png', 'new-repo-xi', '12', 1);
INSERT INTO repository (id, icon, name, percentage, project_id) VALUES (26, 'tool1.png', 'new-repo-omicron', '76', 1);
INSERT INTO repository (id, icon, name, percentage, project_id) VALUES (27, 'tool1.png', 'new-repo-pi', '32', 1);
INSERT INTO repository (id, icon, name, percentage, project_id) VALUES (28, 'tool1.png', 'new-repo-rho', '44', 1);
INSERT INTO repository (id, icon, name, percentage, project_id) VALUES (29, 'tool1.png', 'new-repo-sigma', '90', 1);
INSERT INTO repository (id, icon, name, percentage, project_id) VALUES (30, 'tool1.png', 'new-repo-tau', '50', 1);
INSERT INTO repository (id, icon, name, percentage, project_id) VALUES (31, 'tool1.png', 'new-repo-upsilon', '27', 1);
INSERT INTO repository (id, icon, name, percentage, project_id) VALUES (32, 'tool1.png', 'new-repo-phi', '83', 1);
INSERT INTO repository (id, icon, name, percentage, project_id) VALUES (33, 'tool1.png', 'new-repo-chi', '39', 1);
INSERT INTO repository (id, icon, name, percentage, project_id) VALUES (34, 'tool1.png', 'new-repo-psi', '72', 1);
INSERT INTO repository (id, icon, name, percentage, project_id) VALUES (35, 'Repo1.png', 'new-repo-omega', '11', 2);
INSERT INTO repository (id, icon, name, percentage, project_id) VALUES (36, 'Repo1.png', 'new-repo-alpha1', '65', 2);
INSERT INTO repository (id, icon, name, percentage, project_id) VALUES (37, 'Repo1.png', 'new-repo-beta1', '48', 2);
INSERT INTO repository (id, icon, name, percentage, project_id) VALUES (38, 'Repo1.png', 'new-repo-gamma1', '18', 2);
INSERT INTO repository (id, icon, name, percentage, project_id) VALUES (39, 'Repo1.png', 'new-repo-epsilon1', '30', 2);
INSERT INTO repository (id, icon, name, percentage, project_id) VALUES (41, 'lib1.png', 'new-repo-zeta1', '85', 2);
INSERT INTO repository (id, icon, name, percentage, project_id) VALUES (42, 'lib1.png', 'new-repo-eta1', '21', 2);
INSERT INTO repository (id, icon, name, percentage, project_id) VALUES (43, 'lib1.png', 'new-repo-theta1', '77', 2);
INSERT INTO repository (id, icon, name, percentage, project_id) VALUES (44, 'lib1.png', 'new-repo-iota1', '42', 2);
INSERT INTO repository (id, icon, name, percentage, project_id) VALUES (45, 'tool1.png', 'new-repo-kappa1', '91', 2);
INSERT INTO repository (id, icon, name, percentage, project_id) VALUES (46, 'tool1.png', 'new-repo-lambda1', '58', 2);
INSERT INTO repository (id, icon, name, percentage, project_id) VALUES (47, 'Repo1.png', 'new-repo-mu1', '34', 3);
INSERT INTO repository (id, icon, name, percentage, project_id) VALUES (48, 'Repo1.png', 'new-repo-nu1', '61', 3);
INSERT INTO repository (id, icon, name, percentage, project_id) VALUES (49, 'Repo1.png', 'new-repo-xi1', '26', 3);
INSERT INTO repository (id, icon, name, percentage, project_id) VALUES (50, 'Repo1.png', 'new-repo-omicron1', '86', 3);
INSERT INTO repository (id, icon, name, percentage, project_id) VALUES (51, 'Repo11.png', 'new-repo-pi1', '43', 3);
INSERT INTO repository (id, icon, name, percentage, project_id) VALUES (52, 'Repo11.png', 'new-repo-rho1', '93', 3);
INSERT INTO repository (id, icon, name, percentage, project_id) VALUES (53, 'lib1.png', 'new-repo-sigma1', '46', 3);
INSERT INTO repository (id, icon, name, percentage, project_id) VALUES (54, 'lib1.png', 'new-repo-tau1', '99', 3);
INSERT INTO repository (id, icon, name, percentage, project_id) VALUES (55, 'service1.png', 'new-repo-upsilon1', '53', 3);
INSERT INTO repository (id, icon, name, percentage, project_id) VALUES (56, 'service1.png', 'new-repo-phi1', '94', 3);
INSERT INTO repository (id, icon, name, percentage, project_id) VALUES (57, 'service1.png', 'new-repo-chi1', '70', 3);
INSERT INTO repository (id, icon, name, percentage, project_id) VALUES (58, 'tool1.png', 'new-repo-psi1', '19', 3);
INSERT INTO repository (id, icon, name, percentage, project_id) VALUES (59, 'tool1.png', 'new-repo-omega1', '79', 3);
INSERT INTO repository (id, icon, name, percentage, project_id) VALUES (60, 'Repo1.png', 'new-repo-alpha2', '36', 4);
INSERT INTO repository (id, icon, name, percentage, project_id) VALUES (61, 'Repo1.png', 'new-repo-beta2', '81', 4);
INSERT INTO repository (id, icon, name, percentage, project_id) VALUES (62, 'Repo1.png', 'new-repo-gamma2', '66', 4);
INSERT INTO repository (id, icon, name, percentage, project_id) VALUES (63, 'Repo1.png', 'new-repo-delta2', '47', 4);
INSERT INTO repository (id, icon, name, percentage, project_id) VALUES (64, 'service1.png', 'new-repo-epsilon2', '75', 4);
INSERT INTO repository (id, icon, name, percentage, project_id) VALUES (65, 'service1.png', 'new-repo-zeta2', '31', 4);
INSERT INTO repository (id, icon, name, percentage, project_id) VALUES (66, 'service1.png', 'new-repo-eta2', '60', 4);
INSERT INTO repository (id, icon, name, percentage, project_id) VALUES (67, 'tool1.png', 'new-repo-theta2', '28', 4);
INSERT INTO repository (id, icon, name, percentage, project_id) VALUES (68, 'tool1.png', 'new-repo-iota2', '89', 4);
INSERT INTO repository (id, icon, name, percentage, project_id) VALUES (69, 'tool1.png', 'new-repo-lambda2', '95', 4);
INSERT INTO repository (id, icon, name, percentage, project_id) VALUES (71, 'tool1.png', 'new-repo-mu2', '20', 4);
INSERT INTO repository (id, icon, name, percentage, project_id) VALUES (72, 'tool1.png', 'new-repo-nu2', '68', 4);
INSERT INTO repository (id, icon, name, percentage, project_id) VALUES (73, 'tool1.png', 'new-repo-xi2', '24', 4);
INSERT INTO repository (id, icon, name, percentage, project_id) VALUES (74, 'Repo1.png', 'new-repo-omicron2', '80', 5);
INSERT INTO repository (id, icon, name, percentage, project_id) VALUES (75, 'Repo1.png', 'new-repo-pi2', '57', 5);
INSERT INTO repository (id, icon, name, percentage, project_id) VALUES (76, 'Repo1.png', 'new-repo-rho2', '14', 5);
INSERT INTO repository (id, icon, name, percentage, project_id) VALUES (77, 'Repo1.png', 'new-repo-sigma2', '74', 5);
INSERT INTO repository (id, icon, name, percentage, project_id) VALUES (78, 'CloudRepo.png', 'new-repo-tau2', '41', 5);
INSERT INTO repository (id, icon, name, percentage, project_id) VALUES (79, 'CloudRepo.png', 'new-repo-upsilon2', '87', 5);
INSERT INTO repository (id, icon, name, percentage, project_id) VALUES (80, 'lib1.png', 'new-repo-phi2', '40', 5);
INSERT INTO repository (id, icon, name, percentage, project_id) VALUES (81, 'lib1.png', 'new-repo-chi2', '82', 5);
INSERT INTO repository (id, icon, name, percentage, project_id) VALUES (82, 'service 1.png', 'new-repo-psi2', '29', 5);
INSERT INTO repository (id, icon, name, percentage, project_id) VALUES (83, 'Repo1.png', 'new-repo-omega2', '96', 6);
INSERT INTO repository (id, icon, name, percentage, project_id) VALUES (84, 'Repo1.png', 'new-repo-alpha3', '10', 6);
INSERT INTO repository (id, icon, name, percentage, project_id) VALUES (85, 'CloudRepo.png', 'new-repo-beta3', '49', 6);
INSERT INTO repository (id, icon, name, percentage, project_id) VALUES (86, 'CloudRepo.png', 'new-repo-gamma3', '63', 6);
INSERT INTO repository (id, icon, name, percentage, project_id) VALUES (87, 'service1.png', 'new-repo-delta3', '22', 6);
INSERT INTO repository (id, icon, name, percentage, project_id) VALUES (88, 'service1.png', 'new-repo-epsilon3', '67', 6);
INSERT INTO repository (id, icon, name, percentage, project_id) VALUES (89, 'service1.png', 'new-repo-zeta3', '52', 6);
INSERT INTO repository (id, icon, name, percentage, project_id) VALUES (90, 'service1.png', 'new-repo-eta3', '98', 6);
INSERT INTO repository (id, icon, name, percentage, project_id) VALUES (91, 'tool1.png', 'new-repo-theta3', '13', 6);
INSERT INTO repository (id, icon, name, percentage, project_id) VALUES (92, 'CloudRepo.png', 'new-repo-iota3', '50', 7);
INSERT INTO repository (id, icon, name, percentage, project_id) VALUES (93, 'CloudRepo.png', 'new-repo-kappa3', '69', 7);
INSERT INTO repository (id, icon, name, percentage, project_id) VALUES (94, 'CloudRepo.png', 'new-repo-lambda3', '84', 7);
INSERT INTO repository (id, icon, name, percentage, project_id) VALUES (95, 'lib1.png', 'new-repo-mu3', '30', 7);
INSERT INTO repository (id, icon, name, percentage, project_id) VALUES (96, 'lib1.png', 'new-repo-nu3', '53', 7);
INSERT INTO repository (id, icon, name, percentage, project_id) VALUES (97, 'service1.png', 'new-repo-xi3', '27', 7);
INSERT INTO repository (id, icon, name, percentage, project_id) VALUES (98, 'tool1.png', 'new-repo-omicron3', '61', 7);
INSERT INTO repository (id, icon, name, percentage, project_id) VALUES (99, 'tool1.png', 'new-repo-pi3', '19', 7);
INSERT INTO repository (id, icon, name, percentage, project_id) VALUES (100, 'CloudRepo.png', 'new-repo-rho3', '77', 8);


INSERT INTO dependency (id, icon, name,current_version,latest_version_used,latest_release, use_count) VALUES (1, 'Repo1.png', 'com.infra-main/custom-webpack','1.0.0','1.0.1','1.0.1', 1);
INSERT INTO dependency (id, icon, name,current_version,latest_version_used,latest_release, use_count) VALUES (2, 'node.png', '@angular-builders/jest','1.0.0','1.0.1','1.0.1', 4);
INSERT INTO dependency (id, icon, name,current_version,latest_version_used,latest_release, use_count) VALUES (3, 'node.png', '@angular-devkit/build-angular','1.0.0','1.0.1','1.0.1', 21);
INSERT INTO dependency (id, icon, name,current_version,latest_version_used,latest_release, use_count) VALUES (4, 'node.png', '@angular-devkit/ng-packagr','1.0.0','1.0.1','1.0.1', 1);
INSERT INTO dependency (id, icon, name,current_version,latest_version_used,latest_release, use_count) VALUES (5, 'node.png', '@angular-devkit/schematics','1.0.0','1.0.1','1.0.1', 1);
INSERT INTO dependency (id, icon, name,current_version,latest_version_used,latest_release, use_count) VALUES (6, 'node.png', '@angular-eslint/builder','1.0.0','1.0.1','1.0.1', 20);
INSERT INTO dependency (id, icon, name,current_version,latest_version_used,latest_release, use_count) VALUES (7, 'node.png', '@angular-eslint/eslint-plugin','1.0.0','1.0.1','1.0.1', 17);
INSERT INTO dependency (id, icon, name,current_version,latest_version_used,latest_release, use_count) VALUES (8, 'node.png', '@angular-eslint/eslint-plugin-template','1.0.0','1.0.1','1.0.1', 17);
INSERT INTO dependency (id, icon, name,current_version,latest_version_used,latest_release, use_count) VALUES (9, 'node.png', '@angular-eslint/schematics','1.0.0','1.0.1','1.0.1', 19);
INSERT INTO dependency (id, icon, name,current_version,latest_version_used,latest_release, use_count) VALUES (10, 'node.png', '@angular-eslint/template-parser','1.0.0','1.0.1','1.0.1', 19);
INSERT INTO dependency (id, icon, name,current_version,latest_version_used,latest_release, use_count) VALUES (11, 'Repo1.png', '@angular/animations','1.0.0','1.0.1','1.0.1', 25);
INSERT INTO dependency (id, icon, name,current_version,latest_version_used,latest_release, use_count) VALUES (12, 'Java.png', 'com.github.ben-manes.caffeine:caffeine','1.0.0','1.0.1','1.0.1', 6);
INSERT INTO dependency (id, icon, name,current_version,latest_version_used,latest_release, use_count) VALUES (13, 'Java.png', 'com.squareup.retrofit2:converter-gson','1.0.0','1.0.1','1.0.1', 7);
INSERT INTO dependency (id, icon, name,current_version,latest_version_used,latest_release, use_count) VALUES (14, 'Java.png', 'com.squareup.retrofit2:retrofit','1.0.0','1.0.1','1.0.1', 3);
INSERT INTO dependency (id, icon, name,current_version,latest_version_used,latest_release, use_count) VALUES (15, 'Java.png', 'com.github.springtestdbunit:spring-test-dbunit','1.0.0','1.0.1','1.0.1', 17);
INSERT INTO dependency (id, icon, name,current_version,latest_version_used,latest_release, use_count) VALUES (16, 'node.png', 'com.google.code.findbugs:jsr305','1.0.0','1.0.1','1.0.1', 2);
INSERT INTO dependency (id, icon, name,current_version,latest_version_used,latest_release, use_count) VALUES (17, 'node.png', 'com.google.maps:google-maps-services','1.0.0','1.0.1','1.0.1', 8);
INSERT INTO dependency (id, icon, name,current_version,latest_version_used,latest_release, use_count) VALUES (18, 'Repo1.png', 'com.icegreen:greenmail','1.0.0','1.0.1','1.0.1', 5);
INSERT INTO dependency (id, icon, name,current_version,latest_version_used,latest_release, use_count) VALUES (19, 'Java.png', 'com.renault.wired.library:wired-library-awsbatch','1.0.0','1.0.1','1.0.1', 4);
INSERT INTO dependency (id, icon, name,current_version,latest_version_used,latest_release, use_count) VALUES (20, 'Java.png', 'com.renault.wired.library:wired-library-keystore','1.0.0','1.0.1','1.0.1', 21);
INSERT INTO dependency (id, icon, name,current_version,latest_version_used,latest_release, use_count) VALUES (21, 'Java.png', 'com.renault.wired.library:wired-library-logs','1.0.0','1.0.1','1.0.1', 14);
INSERT INTO dependency (id, icon, name,current_version,latest_version_used,latest_release, use_count) VALUES (22, 'Java.png', 'com.renault.wired.library:wired-library-mail','1.0.0','1.0.1','1.0.1', 5);
INSERT INTO dependency (id, icon, name,current_version,latest_version_used,latest_release, use_count) VALUES (23, 'Java.png', 'com.renault.wired.library:wired-library-networkimport','1.0.0','1.0.1','1.0.1', 11);
INSERT INTO dependency (id, icon, name,current_version,latest_version_used,latest_release, use_count) VALUES (24, 'Java.png', 'com.renault.wired.library:wired-library-postgresql','1.0.0','1.0.1','1.0.1', 32);
INSERT INTO dependency (id, icon, name,current_version,latest_version_used,latest_release, use_count) VALUES (25, 'Repo1.png', 'com.renault.wired.library:wired-library-test','1.0.0','1.0.1','1.0.1', 14);
INSERT INTO dependency (id, icon, name,current_version,latest_version_used,latest_release, use_count) VALUES (26, 'Repo1.png', 'org.dbunit:dbunit','1.0.0','1.0.1','1.0.1', 5);
INSERT INTO dependency (id, icon, name,current_version,latest_version_used,latest_release, use_count) VALUES (27, 'Repo1.png', 'org.springframework.cloud:spring-cloud-aws-dependencies','1.0.0','1.0.1','1.0.1', 21);
INSERT INTO dependency (id, icon, name,current_version,latest_version_used,latest_release, use_count) VALUES (28, 'Repo1.png', 'org.springframework.cloud:spring-cloud-config-client','1.0.0','1.0.1','1.0.1', 15);
INSERT INTO dependency (id, icon, name,current_version,latest_version_used,latest_release, use_count) VALUES (29, 'Java.png', 'software.amazon.awssdk:batch','1.0.0','1.0.1','1.0.1', 3);
INSERT INTO dependency (id, icon, name,current_version,latest_version_used,latest_release, use_count) VALUES (30, 'Java.png', 'software.amazon.awssdk:s3','1.0.0','1.0.1','1.0.1', 7);
INSERT INTO dependency (id, icon, name,current_version,latest_version_used,latest_release, use_count) VALUES (31, 'Java.png', 'software.amazon.awssdk:sqs','1.0.0','1.0.1','1.0.1', 12);
INSERT INTO dependency (id, icon, name,current_version,latest_version_used,latest_release, use_count) VALUES (32, 'node.png', 'net.logstash.logback:logstash-logback-encoder','1.0.0','1.0.1','1.0.1', 8);
INSERT INTO dependency (id, icon, name,current_version,latest_version_used,latest_release, use_count) VALUES (33, 'node.png', 'org.wiremock:wiremock-standalone','1.0.0','1.0.1','1.0.1', 9);
INSERT INTO dependency (id, icon, name,current_version,latest_version_used,latest_release, use_count) VALUES (34, 'node.png', '@aws-sdk/client-batch','1.0.0','1.0.1','1.0.1', 12);
INSERT INTO dependency (id, icon, name,current_version,latest_version_used,latest_release, use_count) VALUES (35, 'node.png', 'aws-sdk-client-mock','1.0.0','1.0.1','1.0.1', 18);
INSERT INTO dependency (id, icon, name,current_version,latest_version_used,latest_release, use_count) VALUES (36, 'Repo1.png', 'aws-sdk-client-mock-jest','1.0.0','1.0.1','1.0.1', 15);
INSERT INTO dependency (id, icon, name,current_version,latest_version_used,latest_release, use_count) VALUES (37, 'node.png', 'axios','1.0.0','1.0.1','1.0.1', 17);
INSERT INTO dependency (id, icon, name,current_version,latest_version_used,latest_release, use_count) VALUES (38, 'node.png', 'eslint','1.0.0','1.0.1','1.0.1', 2);
INSERT INTO dependency (id, icon, name,current_version,latest_version_used,latest_release, use_count) VALUES (39, 'node.png', 'eslint-plugin-jest','1.0.0','1.0.1','1.0.1', 6);
INSERT INTO dependency (id, icon, name,current_version,latest_version_used,latest_release, use_count) VALUES (40, 'node.png', 'jest','1.0.0','1.0.1','1.0.1', 5);
INSERT INTO dependency (id, icon, name,current_version,latest_version_used,latest_release, use_count) VALUES (41, NULL, 'gm','1.0.0','1.0.1','1.0.1', 7);

INSERT INTO plugin (id, icon, name,latest_version_used,latest_release, use_count) VALUES (1, 'Java.png','io.spring.plugin-management','1.0.0','1.0.1','1.0.1', 1);
INSERT INTO plugin (id, icon, name,latest_version_used,latest_release, use_count) VALUES (2, 'Java.png','clean-webpack-plugin','1.0.0','1.0.1','1.0.1', 4);
INSERT INTO plugin (id, icon, name,latest_version_used,latest_release, use_count) VALUES (3, 'Java.png','css-loader','1.0.0','1.0.1','1.0.1', 21);
INSERT INTO plugin (id, icon, name,latest_version_used,latest_release, use_count) VALUES (4, 'Java.png','html-webpack-plugin','1.0.0','1.0.1','1.0.1', 1);
INSERT INTO plugin (id, icon, name,latest_version_used,latest_release, use_count) VALUES (5, 'Java.png','json-loader','1.0.0','1.0.1','1.0.1', 1);
INSERT INTO plugin (id, icon, name,latest_version_used,latest_release, use_count) VALUES (6, 'Java.png','style-loader','1.0.0','1.0.1','1.0.1', 20);
INSERT INTO plugin (id, icon, name,latest_version_used,latest_release, use_count) VALUES (7, 'Java.png','swagger-ui','1.0.0','1.0.1','1.0.1', 17);
INSERT INTO plugin (id, icon, name,latest_version_used,latest_release, use_count) VALUES (8, 'Java.png','webpack','1.0.0','1.0.1','1.0.1', 17);
INSERT INTO plugin (id, icon, name,latest_version_used,latest_release, use_count) VALUES (9, 'Java.png','webpack-clis','1.0.0','1.0.1','1.0.1', 19);
INSERT INTO plugin (id, icon, name,latest_version_used,latest_release, use_count) VALUES (10, 'Java.png','webpack-dev-server','1.0.0','1.0.1','1.0.1', 19);
INSERT INTO plugin (id, icon, name,latest_version_used,latest_release, use_count) VALUES (11, 'Java.png','yaml-loader','1.0.0','1.0.1','1.0.1', 25);
INSERT INTO plugin (id, icon, name,latest_version_used,latest_release, use_count) VALUES (12, 'gradle.png','com.renault.wired.base','1.0.0','1.0.1','1.0.1', 25);
INSERT INTO plugin (id, icon, name,latest_version_used,latest_release, use_count) VALUES (13, 'gradle.png','com.renault.wired.maven','1.0.0','1.0.1','1.0.1', 25);
INSERT INTO plugin (id, icon, name,latest_version_used,latest_release, use_count) VALUES (14, 'gradle.png','com.renault.wired.release','1.0.0','1.0.1','1.0.1', 25);
INSERT INTO plugin (id, icon, name,latest_version_used,latest_release, use_count) VALUES (15, 'gradle.png','com.github.node-gradle.node','1.0.0','1.0.1','1.0.1', 25);
INSERT INTO plugin (id, icon, name,latest_version_used,latest_release, use_count) VALUES (16, 'gradle.png','com.renault.wired.base','1.0.0','1.0.1','1.0.1', 25);
INSERT INTO plugin (id, icon, name,latest_version_used,latest_release, use_count) VALUES (17, 'gradle.png','com.renault.wired.deploy','1.0.0','1.0.1','1.0.1', 25);
INSERT INTO plugin (id, icon, name,latest_version_used,latest_release, use_count) VALUES (18, 'gradle.png','com.renault.wired.docker','1.0.0','1.0.1','1.0.1', 25);
INSERT INTO plugin (id, icon, name,latest_version_used,latest_release, use_count) VALUES (19, 'node.png','com.renault.wired.quality','1.0.0','1.0.1','1.0.1', 25);
INSERT INTO plugin (id, icon, name,latest_version_used,latest_release, use_count) VALUES (20, 'node.png','com.renault.wired.backoffice','1.0.0','1.0.1','1.0.1', 25);
INSERT INTO plugin (id, icon, name,latest_version_used,latest_release, use_count) VALUES (21, 'node.png','com.renault.wired.backoffice','1.0.0','1.0.1','1.0.1', 25);
INSERT INTO plugin (id, icon, name,latest_version_used,latest_release, use_count) VALUES (22, 'node.png','com.renault.wired.jib','1.0.0','1.0.1','1.0.1', 25);
INSERT INTO plugin (id, icon, name,latest_version_used,latest_release, use_count) VALUES (23, 'node.png','angular/scaffold','1.0.0','1.0.1','1.0.1', 25);


INSERT INTO repo_dependency (id_dependency, id_repository,current_version) VALUES  (1, 1,'1.0.0');
INSERT INTO repo_dependency (id_dependency, id_repository) VALUES  (1, 4);
INSERT INTO repo_dependency (id_dependency, id_repository) VALUES  (1, 9);
INSERT INTO repo_dependency (id_dependency, id_repository) VALUES  (1, 13);
INSERT INTO repo_dependency (id_dependency, id_repository) VALUES  (1, 17);
INSERT INTO repo_dependency (id_dependency, id_repository) VALUES  (1, 58);
INSERT INTO repo_dependency (id_dependency, id_repository) VALUES  (1, 60);
INSERT INTO repo_dependency (id_dependency, id_repository) VALUES  (1, 77);
INSERT INTO repo_dependency (id_dependency, id_repository) VALUES  (1, 83);
INSERT INTO repo_dependency (id_dependency, id_repository) VALUES  (1, 84);
INSERT INTO repo_dependency (id_dependency, id_repository) VALUES  (1, 91);
INSERT INTO repo_dependency (id_dependency, id_repository) VALUES  (1, 99);
INSERT INTO repo_dependency (id_dependency, id_repository) VALUES  (2, 2);
INSERT INTO repo_dependency (id_dependency, id_repository) VALUES  (2, 1);
INSERT INTO repo_dependency (id_dependency, id_repository) VALUES  (2, 30);
INSERT INTO repo_dependency (id_dependency, id_repository) VALUES  (2, 37);
INSERT INTO repo_dependency (id_dependency, id_repository) VALUES  (2, 39);
INSERT INTO repo_dependency (id_dependency, id_repository) VALUES  (2, 46);
INSERT INTO repo_dependency (id_dependency, id_repository) VALUES  (2, 50);
INSERT INTO repo_dependency (id_dependency, id_repository) VALUES  (2, 58);
INSERT INTO repo_dependency (id_dependency, id_repository) VALUES  (2, 64);
INSERT INTO repo_dependency (id_dependency, id_repository) VALUES  (2, 66);
INSERT INTO repo_dependency (id_dependency, id_repository) VALUES  (2, 71);
INSERT INTO repo_dependency (id_dependency, id_repository) VALUES  (2, 72);
INSERT INTO repo_dependency (id_dependency, id_repository) VALUES  (2, 79);
INSERT INTO repo_dependency (id_dependency, id_repository) VALUES  (2, 84);
INSERT INTO repo_dependency (id_dependency, id_repository) VALUES  (2, 89);
INSERT INTO repo_dependency (id_dependency, id_repository) VALUES  (2, 90);
INSERT INTO repo_dependency (id_dependency, id_repository) VALUES  (2, 91);
INSERT INTO repo_dependency (id_dependency, id_repository) VALUES  (2, 100);
INSERT INTO repo_dependency (id_dependency, id_repository) VALUES  (3, 1);
INSERT INTO repo_dependency (id_dependency, id_repository) VALUES  (3, 6);
INSERT INTO repo_dependency (id_dependency, id_repository) VALUES  (3, 8);
INSERT INTO repo_dependency (id_dependency, id_repository) VALUES  (3, 12);
INSERT INTO repo_dependency (id_dependency, id_repository) VALUES  (3, 15);
INSERT INTO repo_dependency (id_dependency, id_repository) VALUES  (3, 17);
INSERT INTO repo_dependency (id_dependency, id_repository) VALUES  (3, 19);
INSERT INTO repo_dependency (id_dependency, id_repository) VALUES  (3, 20);
INSERT INTO repo_dependency (id_dependency, id_repository) VALUES  (3, 55);
INSERT INTO repo_dependency (id_dependency, id_repository) VALUES  (3, 65);
INSERT INTO repo_dependency (id_dependency, id_repository) VALUES  (3, 75);
INSERT INTO repo_dependency (id_dependency, id_repository) VALUES  (3, 85);
INSERT INTO repo_dependency (id_dependency, id_repository) VALUES  (3, 90);
INSERT INTO repo_dependency (id_dependency, id_repository) VALUES  (3, 95);
INSERT INTO repo_dependency (id_dependency, id_repository) VALUES  (4, 2);
INSERT INTO repo_dependency (id_dependency, id_repository) VALUES  (4, 5);
INSERT INTO repo_dependency (id_dependency, id_repository) VALUES  (4, 9);
INSERT INTO repo_dependency (id_dependency, id_repository) VALUES  (4, 10);
INSERT INTO repo_dependency (id_dependency, id_repository) VALUES  (4, 13);
INSERT INTO repo_dependency (id_dependency, id_repository) VALUES  (4, 41);
INSERT INTO repo_dependency (id_dependency, id_repository) VALUES  (4, 45);
INSERT INTO repo_dependency (id_dependency, id_repository) VALUES  (4, 48);
INSERT INTO repo_dependency (id_dependency, id_repository) VALUES  (4, 51);
INSERT INTO repo_dependency (id_dependency, id_repository) VALUES  (4, 59);
INSERT INTO repo_dependency (id_dependency, id_repository) VALUES  (4, 68);
INSERT INTO repo_dependency (id_dependency, id_repository) VALUES  (4, 69);
INSERT INTO repo_dependency (id_dependency, id_repository) VALUES  (4, 74);
INSERT INTO repo_dependency (id_dependency, id_repository) VALUES  (4, 77);
INSERT INTO repo_dependency (id_dependency, id_repository) VALUES  (4, 87);
INSERT INTO repo_dependency (id_dependency, id_repository) VALUES  (4, 97);
INSERT INTO repo_dependency (id_dependency, id_repository) VALUES  (4, 98);